word,len,freq,entropy,pmi
行者,2,0.006689897918769404,3.4699804697735646,98.05146743887188
八戒,2,0.002789986074024862,3.3797796879370265,268.82893982779854
师父,2,0.0024689859590397464,3.6218501693130403,219.98316771160228
三藏,2,0.002055358945203204,3.356722042210356,174.19000560258962
一个,2,0.0018349708065567068,3.882724623603887,19.52247260311255
大圣,2,0.0016720752258179913,2.771087037232213,124.03469274354988
唐僧,2,0.0015522990635101124,3.9962765242121274,164.247568205609
沙僧,2,0.001245672088001942,2.96038466390318,162.58191826348863
和尚,2,0.0011690153441248994,3.1041309169946967,586.2996254681648
那里,2,0.0011290899566889397,2.7421808738765177,24.28487429651061
怎么,2,0.0011290899566889397,2.6143967369818015,226.05227532679737
我们,2,0.0010939556157452952,3.9455747208962686,47.93222161070338
不知,2,0.0010620153057965273,3.5904615397164354,42.43655333449649
菩萨,2,0.0009949406549041152,3.7284574489014197,919.0996701536142
长老,2,0.0009757764689348545,2.9003846317994957,97.31841107336287
妖精,2,0.0009645973604527859,3.0440924897719435,171.99366606789604
老孙,2,0.0008975227095603736,3.338874646370365,85.80739310237203
两个,2,0.0008512092601346604,2.844291394336287,54.74658321394253
什么,2,0.000763373407775549,3.541636819370173,415.7059777777778
不是,2,0.0007458062373037268,3.5450629334290187,6.200407756430417
国王,2,0.0007266420513344662,2.5096493463866536,145.32691440545344
那怪,2,0.00069310472588826,3.17825594324565,26.285674048134595
徒弟,2,0.0006499853074574236,2.8528515873758598,316.9839934824655
也不,2,0.0006036718580317103,3.881297101170587,10.9555541237686
那妖,2,0.0005685375170880659,2.3772745827143655,14.546709179112176
小妖,2,0.0005557613931085587,2.915864474543015,70.37845107405506
闻言,2,0.0005557613931085587,2.502089303575343,253.14177377533662
与他,2,0.0005541643776111203,4.292747447291959,21.003328647996657
原来,2,0.0005509703466162435,2.5840788261638346,69.90655415325479
不敢,2,0.0005477763156213668,3.530446475145891,41.44954469802471
不曾,2,0.0005461793001239284,3.318662717615249,40.09316390628791
是个,2,0.00054458228462649,3.96965529469563,6.943430835785382
不得,2,0.0005429852691290517,4.517580373818511,7.58835257310295
这个,2,0.0005302091451495445,2.825924092191737,11.471514703108681
大王,2,0.000523821083159791,3.6620052557556217,26.83773984119741
有一,2,0.000523821083159791,3.5166272947959087,7.422105622216052
如何,2,0.0005126419746777223,4.016101204094048,105.52994321331968
在那,2,0.0005014628661956536,2.868695548299944,9.492955774416762
出来,2,0.0004902837577135849,3.416272932566069,17.496595813582942
一声,2,0.0004902837577135849,2.871846132245255,25.260902834127805
等我,2,0.00048708972671870806,2.0790184969820253,20.28392208509463
只是,2,0.00048549271122126967,2.6381389505616046,14.42494989859989
见了,2,0.00048389569572383133,3.347083306387731,8.76205783979875
你这,2,0.0004727165872417626,3.1309822276293966,10.468927720992662
三个,2,0.00044237329279043326,3.030950942022135,10.845392235721603
与你,2,0.000424806122318611,3.627580969361651,16.76848809790598
这里,2,0.0004184180603288574,2.031940937901158,17.92658445034824
真个,2,0.0004152240293339807,3.073508112515949,33.662342904002045
宝贝,2,0.0004104329828416655,3.2721353745909307,808.2468257794922
这等,2,0.0004088359673442271,3.437277057551191,32.15761219324698
兄弟,2,0.0004072389518467887,2.950776657587393,278.1926424085092
这一,2,0.00040404492085191197,3.202422892222392,6.42888200750272
听得,2,0.0003864777503800897,2.2014412933275316,48.506810296976965
与我,2,0.0003832837193852129,4.135134357462433,11.703186089841306
我等,2,0.0003768956573954594,3.85000446354478,15.695100367483061
今日,2,0.0003768956573954594,3.3059573479030173,137.1023659158194
如今,2,0.000375298641898021,2.5862310912311317,100.93401505475768
上前,2,0.0003737016264005826,3.421052098059111,28.073579779508975
那老,2,0.0003705075954057058,2.6551569254943956,6.53886708530979
怎的,2,0.000367313564410829,3.251648946084793,21.302767818050576
吃了,2,0.00036571654891339063,3.6377237259599617,21.128141686803797
取经,2,0.0003577314714261987,2.2089886613214813,219.7948312930543
起来,2,0.00035453744043132193,3.0718660144598617,26.117882601392605
孙行者,3,0.00035294042493388354,3.3612607976617626,25.808502924325612
在此,2,0.0003497463939390068,4.018055473608672,26.20388349514563
这般,2,0.00034335833194925323,3.2074818218109207,77.34910657856938
不住,2,0.00034176131645181484,2.322638414864024,15.120325335355394
我师父,3,0.0003369702699594997,3.4281459117125723,12.997746963831599
妖怪,2,0.00033217922346718453,3.5083179746550535,39.526129324969425
就是,2,0.00032898519247230774,3.5538322413322394,11.450921196035493
见他,2,0.00032579116147743095,3.6037728682945556,7.95618966482338
铁棒,2,0.0003225971304825542,2.94178251371913,553.95381307126
西天,2,0.0003225971304825542,2.19218566856411,73.9458971540818
认得,2,0.00031780608399023904,2.5530723168435956,96.88601721140418
进去,2,0.0003114180220004855,3.267260409013335,51.949955581877404
不要,2,0.00030822399100560873,3.412280208447539,11.816218698130063
却不,2,0.00030822399100560873,2.70982023170493,8.08146083945788
老爷,2,0.00030343294451329355,3.58652171844926,67.88356419192645
孙大圣,3,0.00030343294451329355,2.792274077317904,88.77441499522445
公主,2,0.00030023891351841676,3.5420758772781036,431.76080689528703
东土,2,0.00029864189802097837,2.2984364536765085,410.5947682165649
果然,2,0.00029385085152866324,3.115475024880771,200.07590786585533
那呆子,3,0.00029385085152866324,2.212256610922266,39.84637337721401
有些,2,0.00029065682053378645,3.6743457941342066,30.68831064614722
人家,2,0.0002858657740414713,3.8142346427181963,31.821273599636594
太子,2,0.00028426875854403293,3.0495090297582133,87.12624475383988
不能,2,0.00028267174304659454,3.9563148932092043,26.093478310003466
哥哥,2,0.00028267174304659454,2.397266865978182,326.08215034908454
你们,2,0.00027788069655427936,3.421881819116542,15.740032932459563
妖魔,2,0.00027788069655427936,3.3024358016637554,60.195488372863935
性命,2,0.00027628368105684097,3.011917524294865,409.7276124483713
变作,2,0.00027149263456452584,3.034048891665255,246.40528140812862
个小,2,0.00026989561906708745,2.5202578747676583,14.50892631162144
道士,2,0.00026829860356964905,2.873189358280509,43.01427372780309
师兄,2,0.00026510457257477226,2.928992564615377,80.59527549775063
行李,2,0.0002619105415798955,2.876633087092762,79.15558782676526
教他,2,0.00025392546409270356,3.4421168100863584,20.907318202025493
观看,2,0.0002507314330978268,2.037734194785151,111.73844293300355
如来,2,0.00024753740210295,3.230594690595307,11.559346314090233
弟子,2,0.00024753740210295,2.6352278951675334,32.375161573858634
土地,2,0.0002459403866055116,2.889176211780034,220.12937040588045
圣僧,2,0.00024434337110807326,3.6552783864267817,23.73895493663208
都是,2,0.00024274635561063483,3.4731671194190694,15.40408129707082
乃是,2,0.00024274635561063483,3.349245441847136,33.35956322305606
那妖精,3,0.00024114934011319647,3.188404747119219,22.576002307470436
爷爷,2,0.00024114934011319647,2.856163540514987,316.0044250005849
怎生,2,0.00024114934011319647,2.672686314548279,66.14944310740471
一齐,2,0.00023955232461575807,3.654506514910169,30.642367709586992
看见,2,0.00023795530911831968,3.2386268778727114,16.5137343303744
天王,2,0.00023795530911831968,2.669087008027455,21.0575733118106
些儿,2,0.0002363582936208813,3.3526915249062053,51.943760999943954
云头,2,0.0002363582936208813,2.3158746250657596,47.93796759023848
走了,2,0.00023476127812344292,3.1162700336190605,10.818199768137852
闻得,2,0.00022997023163112774,3.2395018650663703,34.488846457488016
二十,2,0.00022997023163112774,2.976556018610497,76.76403928095588
模样,2,0.00022997023163112774,2.4849066497880012,1699.1706930991593
在那里,3,0.00022837321613368937,3.816763243980964,42.40062619299378
想是,2,0.00022837321613368937,3.00476703520796,32.95354222330177
一个个,3,0.00022677620063625098,2.821563807860364,14.864661415311447
不好,2,0.00022517918513881259,2.4917757828527183,6.414343187535163
众僧,2,0.00022198515414393583,3.0153351233670116,33.409124914545814
贫僧,2,0.00022198515414393583,2.9718916690312054,186.1084782004405
多少,2,0.00022198515414393583,2.2946274208296296,311.60332377443876
那些,2,0.00022038813864649743,3.1254260543678454,13.117845551288084
有三,2,0.00022038813864649743,2.7164973467656894,7.195866110258379
叫做,2,0.00021719410765162064,3.353316692069721,71.89361357250917
变做,2,0.00021719410765162064,2.538447930643099,117.48251809994703
一座,2,0.00021719410765162064,2.011206370830373,48.901565032036814
心中,2,0.00021559709215418225,2.441018692925442,44.41607818411097
门外,2,0.00021400007665674388,3.2286693083298292,92.44664017249491
看看,2,0.00021400007665674388,2.8252634731083486,24.149261360496602
几个,2,0.0002124030611593055,3.2320778986404646,25.392051905920518
做个,2,0.0002124030611593055,2.7321193633524117,17.853786496350367
如此,2,0.0002124030611593055,2.376699417218525,30.74672892779717
把那,2,0.0002108060456618671,2.779687481537119,7.468752643072926
兵器,2,0.0002092090301644287,3.440657927791086,1151.2379722674452
龙王,2,0.0002092090301644287,2.8390602741051345,56.05165377918815
十分,2,0.00020761201466699034,3.6375347440123846,110.27967594223318
手段,2,0.00020761201466699034,2.8446135835842394,414.2081374285075
怪物,2,0.00020601499916955194,2.188606522409047,120.12306209764128
一把,2,0.00020441798367211355,3.2616606916395066,7.09407931468734
出去,2,0.00020441798367211355,2.7918020799733863,11.73204974302773
里面,2,0.00020441798367211355,2.5846606367783727,35.866692323182605
他就,2,0.00020282096817467516,2.1458417525947544,7.872522751596588
只得,2,0.0002012239526772368,2.5294811259357473,10.050241290879455
一般,2,0.0001996269371797984,3.2310833184309926,22.11357536375194
却又,2,0.0001996269371797984,2.7521915465690423,18.764754549741546
一条,2,0.00019483589068748324,3.3461455156588613,38.81807473924801
衣服,2,0.00019483589068748324,2.882295793492669,1002.513037886642
他两个,3,0.00019483589068748324,2.506229315946927,27.05786453516646
娘娘,2,0.00019483589068748324,2.4027461323444217,688.9095942789636
多时,2,0.00019323887519004485,2.3053145528594587,64.48110323604104
到了,2,0.00019164185969260645,3.6487593418124145,8.327743095546516
近前,2,0.00019164185969260645,3.2647339017814527,132.2063850938234
猪八戒,3,0.00019164185969260645,2.8852294367966396,130.73242362504197
仔细,2,0.00019164185969260645,2.1899244905063946,2178.9230100043496
到此,2,0.00019004484419516806,3.458854902495227,33.674439708312086
变化,2,0.00019004484419516806,3.446397474451976,184.5817518844859
听见,2,0.00019004484419516806,3.047358986678981,27.65350174184347
收了,2,0.0001852537977028529,3.3579039627449467,21.050396574229282
还有,2,0.0001836567822054145,3.1950593880085756,16.82321209338945
被他,2,0.0001836567822054145,3.145550395257358,24.103473530447445
三十,2,0.0001836567822054145,3.091406481289894,21.213152809200604
袈裟,2,0.00018205976670797615,3.2700364629793266,5126.626831370295
还不,2,0.00018205976670797615,3.263172039312584,8.165091827490597
四众,2,0.00018046275121053775,2.3572944300936682,83.01887128945206
叫声,2,0.00018046275121053775,2.3025850929940455,49.78854026668542
不可,2,0.00017726872021566097,3.2702683541549455,10.36368093329516
西方,2,0.00017726872021566097,3.1694068240799904,88.29350609756098
唬得,2,0.00017726872021566097,2.403640410614949,114.99624094982197
左右,2,0.0001756717047182226,3.2850430138859177,1561.8702947845807
吩咐,2,0.0001740746892207842,3.2334647337877427,4986.28813559322
更不,2,0.0001740746892207842,2.8079187833342276,23.485264485013985
打死,2,0.0001740746892207842,2.732784312628468,94.97559522981228
晓得,2,0.0001740746892207842,2.706846503605695,106.7196082233077
关文,2,0.0001740746892207842,2.1413835253533993,735.3190260719672
言语,2,0.0001724776737233458,3.201469567013958,184.9669704495476
那国王,3,0.0001724776737233458,2.311619854648014,21.43479779522468
钉钯,2,0.00016768662723103066,2.9655654370868634,1305.3713741140036
洞里,2,0.00016608961173359226,3.1287012267325616,34.64396417580138
把我,2,0.00016449259623615387,2.6981348263243747,6.146097563299884
那长老,3,0.00016449259623615387,2.1065773332321154,15.223098118948968
大小,2,0.00016289558073871548,3.101069438433467,12.652858283098608
若是,2,0.00016289558073871548,2.2718685126965625,12.720528186896903
出门,2,0.00016289558073871548,2.25115984401087,20.070880990667085
一时,2,0.0001612985652412771,2.913603541882837,6.455118820054759
拿住,2,0.0001612985652412771,2.7161457987557744,63.16590559517388
却才,2,0.00015970154974383872,2.5740726085270977,42.21122058815599
一口,2,0.00015810453424640032,3.197399054660495,10.437396715191621
陛下,2,0.00015810453424640032,2.727208715021617,228.11472224675438
孙悟空,3,0.00015810453424640032,2.660377322181193,146.31474697885193
取出,2,0.00015650751874896193,3.197583452558246,40.49852860330498
回头,2,0.00015650751874896193,2.84030766749736,27.785320583322502
有甚,2,0.00015491050325152356,3.0714362275802776,28.148668438868313
玉帝,2,0.00015491050325152356,2.7885745144628666,576.2209319975713
递与,2,0.00015491050325152356,2.7708905707486,215.97220799908976
降妖,2,0.00015491050325152356,2.536922570924699,71.57133295625944
毫毛,2,0.00015491050325152356,2.4908783809936055,1470.9814729602094
老师,2,0.00015491050325152356,2.314796107601123,7.775644472301338
一场,2,0.00015491050325152356,2.219370246208933,41.05295330686964
五百,2,0.00015491050325152356,2.0859057037710147,200.33741011940103
妖邪,2,0.00015331348775408517,3.018331102852653,140.93294258317115
金箍棒,3,0.00015331348775408517,2.784599838802131,528.9139478407772
拿了,2,0.00015171647225664678,3.283610365975025,9.2313770816625
坐在,2,0.00015011945675920838,3.3538924132602794,34.38973889764313
又有,2,0.00015011945675920838,3.191827320782601,6.76134093739902
方才,2,0.00015011945675920838,2.907328555321631,77.41449915824916
将来,2,0.00015011945675920838,2.7933895656789636,6.665279703800535
安排,2,0.00014852244126177001,3.0931198774542095,802.5471534295283
回去,2,0.00014852244126177001,2.653135944651697,15.139761486250922
却也,2,0.00014692542576433162,3.1634240504234032,11.366143299835173
口里,2,0.00014692542576433162,2.8346617522444357,26.11717203956421
教我,2,0.00014692542576433162,2.7208836803932366,9.745929105850607
一日,2,0.00014532841026689323,3.1892004971568158,7.04229346667166
把他,2,0.00014532841026689323,3.187466332563368,6.740147518125122
回来,2,0.00014532841026689323,2.8343488021719603,9.211465606752379
观音,2,0.00014532841026689323,2.0515945008792187,447.12247332077845
有何,2,0.00014373139476945483,3.0881151439117023,11.701916655869075
不尽,2,0.00014373139476945483,2.333103826901028,17.342769076236006
扯住,2,0.00014373139476945483,2.135147925476203,190.15122988156693
问他,2,0.00014213437927201647,2.5420690491288447,12.64525457080205
放心,2,0.00014213437927201647,2.1960516973750743,59.87210141813496
赶上,2,0.00014053736377457807,2.963671004181178,47.34648313313055
特来,2,0.00014053736377457807,2.5986051779973067,67.63982569201497
老猪,2,0.00014053736377457807,2.5531770019273403,52.2739281065841
抬头,2,0.00014053736377457807,2.1830417242123565,111.00838060856111
个和尚,3,0.00013894034827713968,2.6100830784936697,14.295352777060517
十八,2,0.00013894034827713968,2.4529386553573644,22.449956729223846
此时,2,0.00013894034827713968,2.1831872696020134,22.466733312217908
之事,2,0.00013894034827713968,2.0253262207700673,31.375478609440872
头上,2,0.00013734333277970129,3.3955391137128177,8.519103832536535
听说,2,0.00013734333277970129,2.755549790664179,28.492089476585885
忍不住,3,0.00013734333277970129,2.23456599962257,516.1055012459268
明日,2,0.00013734333277970129,2.106971269263851,78.65317670015789
收拾,2,0.00013574631728226292,3.162539186226076,1136.032955539903
门前,2,0.00013574631728226292,3.0852688207350787,21.134391132687654
他们,2,0.00013574631728226292,2.739368930016999,7.3828100888071475
当时,2,0.00013574631728226292,2.524545921633359,52.46500642698863
有一个,3,0.00013414930178482453,3.217107849753206,11.710743166836657
沙和尚,3,0.00013414930178482453,2.7696188133473894,65.80159730979403
许多,2,0.00013414930178482453,2.3482207698188438,321.0000915432359
不肯,2,0.00013255228628738613,3.4687609251256153,31.446917990570515
走出,2,0.00013255228628738613,2.6688225968494548,21.570554907397838
径至,2,0.00013255228628738613,2.3046193848206715,176.08296629578933
葫芦,2,0.00012935825529250934,3.0868203707999475,6355.840601503758
白马,2,0.00012935825529250934,2.9436736371023384,105.38394793926246
路上,2,0.00012935825529250934,2.737391761057388,16.072481366932006
本事,2,0.00012935825529250934,2.7202930065797046,126.3331664487203
三年,2,0.00012935825529250934,2.290725158215326,23.68764571377331
还是,2,0.00012776123979507098,3.1731027011044617,7.744613812418206
汝等,2,0.00012776123979507098,2.8463238594677285,273.29259776536315
造化,2,0.00012776123979507098,2.133413503847237,639.4118172651035
中有,2,0.00012616422429763258,2.958950662082433,8.64392944962375
开门,2,0.00012616422429763258,2.4479398253090516,39.60670700950069
进来,2,0.00012616422429763258,2.4133406397797694,13.0866629841036
此处,2,0.00012616422429763258,2.257732313991765,26.661703769818168
罗刹,2,0.00012616422429763258,2.1876888267117773,1953.915234822451
未曾,2,0.0001245672088001942,3.313719389493896,221.23071069438782
只管,2,0.0001245672088001942,2.9595637897374694,74.87200304141474
谢了,2,0.0001229701933027558,2.901963483085145,18.339704342957297
四十,2,0.0001229701933027558,2.88262295725598,48.48158471593765
的和尚,3,0.0001229701933027558,2.4036404106149494,13.250331705311574
住了,2,0.00012137317780531742,3.3508186570526344,6.001226758673566
孩儿,2,0.00012137317780531742,2.8386251997592526,222.28186013489525
一根,2,0.00012137317780531742,2.7745897294012294,23.34210732840483
说话,2,0.00012137317780531742,2.432444121072434,46.82882975080395
若不,2,0.00012137317780531742,2.0935707692992813,7.012372981256631
是什么,3,0.00011977616230787904,2.8962316868140086,16.63248978412252
中间,2,0.00011977616230787904,2.8855002589456777,50.51697431263715
门里,2,0.00011977616230787904,2.5943675568479465,11.356194550634191
揭谛,2,0.00011977616230787904,2.120658241068156,3784.254633360193
东西,2,0.00011817914681044064,2.9030611232104016,97.09251529628699
金光,2,0.00011817914681044064,2.6551927229880854,64.99636979806651
山门,2,0.00011817914681044064,2.597840268025139,16.018141925304906
有几,2,0.00011817914681044064,2.4812066396195127,18.81552623778257
王子,2,0.00011817914681044064,2.372599158273348,7.895637332984357
老君,2,0.00011817914681044064,2.2224245069773056,42.535463024160975
那魔,2,0.00011817914681044064,2.098147389135067,8.159336609293344
在这里,3,0.00011658213131300226,3.360780915961153,58.40865634032462
耍子,2,0.00011658213131300226,2.122416397608458,109.56097724663421
猴王,2,0.00011658213131300226,2.058244060566578,52.48985347480594
佛祖,2,0.00011498511581556387,3.2688382886534164,415.2537164962697
丢了,2,0.00011498511581556387,3.2051896219002236,35.45372875171433
不知是,3,0.00011498511581556387,2.880478156833429,11.477168288929537
那和尚,3,0.00011498511581556387,2.5475313664679273,8.882361563594925
然不,2,0.00011498511581556387,2.4560875540222233,7.29561448478352
老儿,2,0.00011498511581556387,2.285516073561478,7.492646970839168
御弟,2,0.0001117910848206871,2.9864289587557407,240.4639016897081
用手,2,0.0001117910848206871,2.8432776807095577,73.7267962510681
受用,2,0.0001117910848206871,2.6891781665181385,326.61763500473177
皇帝,2,0.0001117910848206871,2.56006607249119,971.0181657066902
方便,2,0.0001117910848206871,2.4298879266530076,65.78974543707973
是那里,3,0.0001117910848206871,2.1540797539123404,10.495485302720217
的一声,3,0.0001117910848206871,2.0589334497297678,28.721477075179365
十二,2,0.00011019406932324872,2.7956855916263565,36.782768822124694
一路,2,0.00011019406932324872,2.7458376284990154,6.305110330987125
扇子,2,0.00010859705382581032,2.9855444839911764,56.656532754252616
精神,2,0.00010859705382581032,2.6017523375041,43.845687453661746
多官,2,0.00010859705382581032,2.3417718679076804,87.3735938570895
儿子,2,0.00010859705382581032,2.276669526224895,8.205844999550965
大路,2,0.00010859705382581032,2.268619955008972,12.208439707039357
就打,2,0.00010859705382581032,2.1275045611092667,14.602983809262835
磕头,2,0.00010859705382581032,2.087950620698616,231.15237914280283
身上,2,0.00010700003832837194,2.704150772313245,8.955530224436561
拿出,2,0.00010700003832837194,2.494605979760578,22.991285362455926
悟能,2,0.00010700003832837194,2.311785012009211,150.20857858933047
悟净,2,0.00010700003832837194,2.231226946036741,327.503950039032
这厮,2,0.00010700003832837194,2.183112854343326,71.73851246904967
保护,2,0.00010700003832837194,2.140852003598818,753.7415738411786
着一个,3,0.00010540302283093355,3.49222265984877,15.823965980479208
天地,2,0.00010540302283093355,3.3604637642097255,22.160674873075216
不识,2,0.00010540302283093355,3.151129829153262,30.62863004114738
个小妖,3,0.00010540302283093355,2.373135538443347,22.811371494429505
更无,2,0.00010540302283093355,2.3393717343898155,75.64021055560029
耳朵,2,0.00010540302283093355,2.181115712909825,1834.069498069498
过了,2,0.00010380600733349517,3.4701513405572824,6.999038384816659
自家,2,0.00010380600733349517,3.216949354152227,42.01255186936147
了几,2,0.00010380600733349517,3.161392991107329,9.043201976572638
灵山,2,0.00010380600733349517,2.9845939870336267,70.48437429647102
四个,2,0.00010380600733349517,2.893317183462686,8.686754599393861
一阵,2,0.00010380600733349517,2.8588144417484327,28.604624848634355
都在,2,0.00010380600733349517,2.8556988573658266,13.026787205999739
唤做,2,0.00010380600733349517,2.7818492762976343,174.71205357142858
唐朝,2,0.00010380600733349517,2.769791995223493,65.40254598161057
做了,2,0.00010220899183605677,3.1536754249773216,6.260678291473364
教你,2,0.00010220899183605677,2.8052775950064754,8.764654396001674
双手,2,0.00010220899183605677,2.5649493574615376,159.71890892279242
有四,2,0.00010220899183605677,2.45002212441421,11.391021289900799
列位,2,0.00010220899183605677,2.3701349548823623,987.3546861141223
一件,2,0.0001006119763386184,3.012532170687452,26.536290436502334
群妖,2,0.0001006119763386184,3.0012897729596557,118.21217224536274
在山,2,0.0001006119763386184,2.884646470192069,7.181488461964872
驸马,2,0.0001006119763386184,2.7971852400162573,590.40625
生得,2,0.0001006119763386184,2.508013134006542,10.681369668803379
真是,2,0.0001006119763386184,2.430791328878232,7.188673087320639
童子,2,0.0001006119763386184,2.3815665011564526,58.27529083294555
面前,2,9.901496084118e-05,2.9591814683441995,28.528064077598565
法力,2,9.901496084118e-05,2.815204926619946,172.49117381780698
山中,2,9.901496084118e-05,2.4967704918989986,14.419817137491568
在旁,2,9.901496084118e-05,2.197239338811605,66.65192930047299
没有,2,9.741794534374162e-05,3.0556777606449423,18.900116925034872
一顿,2,9.741794534374162e-05,2.8485548274295107,44.96426990629563
当年,2,9.741794534374162e-05,2.674354731295563,74.76252346344987
合掌,2,9.741794534374162e-05,2.5689853957866533,935.4717738972839
打杀,2,9.741794534374162e-05,2.4635910713140294,73.04443144049355
开了,2,9.741794534374162e-05,2.209861513032362,6.733777406698051
出家人,3,9.741794534374162e-05,2.0206036810316648,152.3340831139826
包袱,2,9.582092984630323e-05,2.838257252573675,4106.019672131148
门上,2,9.582092984630323e-05,2.8332540720304524,7.3264872327895185
起身,2,9.582092984630323e-05,2.81249678184121,26.678369051169526
五十,2,9.582092984630323e-05,2.785542652156655,52.147350303972466
金刚,2,9.582092984630323e-05,2.642043725288823,294.83378849232514
拿他,2,9.582092984630323e-05,2.4777923496369563,7.8633138365983
本是,2,9.582092984630323e-05,2.4498593599786016,12.594582363264259
魔头,2,9.582092984630323e-05,2.3265940029671563,23.65812973342628
何处,2,9.582092984630323e-05,2.056145477539346,28.79621794635959
洞口,2,9.422391434886485e-05,2.736339051105066,61.58499045650417
齐天大圣,4,9.422391434886485e-05,2.7225070122602175,419.72179050215857
是甚,2,9.422391434886485e-05,2.6998262117048846,11.330180601251772
决不,2,9.422391434886485e-05,2.521771818085036,55.0862319877851
昨日,2,9.422391434886485e-05,2.3419551657809494,359.13203071838245
再不,2,9.422391434886485e-05,2.3195749966735852,9.501526667297636
雷公,2,9.422391434886485e-05,2.2505078215750904,271.57053176318385
那怪物,3,9.422391434886485e-05,2.0431918705451206,41.301833678783126
无人,2,9.262689885142645e-05,3.132216602316442,8.10576176463039
死了,2,9.262689885142645e-05,2.458311329683084,10.81632079292845
出一个,3,9.262689885142645e-05,2.280847357909548,15.624385708822002
路旁,2,9.262689885142645e-05,2.045771056035228,192.4016952744225
原是,2,9.102988335398807e-05,3.3071040555172218,10.619070103297064
神僧,2,9.102988335398807e-05,3.1842784356474705,13.29307077605163
不动,2,9.102988335398807e-05,2.7877881193860072,10.643780417978814
七十,2,9.102988335398807e-05,2.5894512462068042,99.69157030333504
与八戒,3,9.102988335398807e-05,2.265502750621761,10.460936764978719
便是,2,8.943286785654968e-05,3.060562356770618,8.55366928994028
殿上,2,8.943286785654968e-05,2.7812027099180585,26.756865976864145
众神,2,8.943286785654968e-05,2.7255503958317204,37.938407741444074
门首,2,8.943286785654968e-05,2.7129621730528903,148.6137232464505
十个,2,8.943286785654968e-05,2.437710856730307,6.095543777367917
与沙僧,3,8.943286785654968e-05,2.2772831275280314,23.018766657476334
文武,2,8.943286785654968e-05,2.2314072270551057,726.2926263463131
那厮,2,8.78358523591113e-05,3.128279560827871,29.563812545497
跳出,2,8.78358523591113e-05,3.025488780394467,48.63955935315303
前后,2,8.78358523591113e-05,2.694954768145831,27.160455271011177
就要,2,8.78358523591113e-05,2.6923109941417853,14.097877616751138
转身,2,8.78358523591113e-05,2.559495462804786,56.25837605078395
驾云,2,8.78358523591113e-05,2.4544658850483776,112.15217079810863
取经的,3,8.78358523591113e-05,2.4065928884931993,30.92870793459207
把这,2,8.78358523591113e-05,2.402055126034973,6.19892880722346
父王,2,8.78358523591113e-05,2.3858762679108114,8.983009113625576
一会,2,8.78358523591113e-05,2.3769408391205507,8.734266750494484
只说,2,8.78358523591113e-05,2.2744747270982977,7.251154020099868
救我,2,8.78358523591113e-05,2.2598212823869246,10.250307679715462
躬身,2,8.78358523591113e-05,2.157132209126034,285.31033568611855
即命,2,8.78358523591113e-05,2.0431918705451206,66.3114318502145
不必,2,8.62388368616729e-05,2.83412587655526,13.574051950053954
后面,2,8.62388368616729e-05,2.8086231616290354,50.22737967914439
祥光,2,8.62388368616729e-05,2.7184734013300127,403.3288244766506
十六,2,8.62388368616729e-05,2.474123406370076,83.60673540538536
不会,2,8.464182136423451e-05,3.1098614459644796,7.462614636814023
放下,2,8.464182136423451e-05,3.081415990323895,17.738394405283422
父母,2,8.464182136423451e-05,2.9867954750916335,78.57306153372635
不用,2,8.464182136423451e-05,2.8415364679365833,8.641738779013327
正在,2,8.464182136423451e-05,2.582424317350126,9.780322712976888
一定,2,8.464182136423451e-05,2.5400363038209806,10.464459770346902
饶你,2,8.464182136423451e-05,2.212869807660017,36.45334217932016
个妖精,3,8.464182136423451e-05,2.1752889615873414,10.554207702269158
莫想,2,8.464182136423451e-05,2.0578975319224098,101.04403848495919
放在,2,8.304480586679613e-05,3.0351414327923703,15.2246027010902
放了,2,8.304480586679613e-05,2.902409246508631,6.3656058606042025
干净,2,8.304480586679613e-05,2.665476785164653,422.29632703880475
千里,2,8.304480586679613e-05,2.102948049377063,21.998609578772633
唐三藏,3,8.144779036935774e-05,3.259002166174716,18.421072122631145
解了,2,8.144779036935774e-05,3.0826074626976485,9.911583813995524
着头,2,8.144779036935774e-05,2.698879929114457,7.2457575952154425
使个,2,8.144779036935774e-05,2.3613046366933967,11.684162230393502
吆喝,2,8.144779036935774e-05,2.330317745384734,1772.370296370296
上马,2,8.144779036935774e-05,2.2102535776209735,9.383026584867075
保唐僧,3,8.144779036935774e-05,2.205070529472763,135.7623711866136
七八,2,8.144779036935774e-05,2.1706186842187614,44.88318828847062
在空中,3,8.144779036935774e-05,2.160671163513501,77.47235120303925
相见,2,8.144779036935774e-05,2.098147389135067,15.203440351576278
自有,2,8.144779036935774e-05,2.072016228651091,9.950667577771899
脱了,2,7.985077487191936e-05,2.9328930471684047,14.608249346771183
果子,2,7.985077487191936e-05,2.8920879005168407,15.230250740390488
祥云,2,7.985077487191936e-05,2.6078050343427055,232.61190980348456
有五,2,7.985077487191936e-05,2.588800725008985,12.284220620339724
方丈,2,7.985077487191936e-05,2.4617874683765573,158.3151294498382
怕他,2,7.985077487191936e-05,2.459174683413417,15.595226650421429
果是,2,7.985077487191936e-05,2.451583060521786,7.12395171757219
那女子,3,7.985077487191936e-05,2.253857589601352,35.834924297572115
过来,2,7.985077487191936e-05,2.2055983590263932,7.082012127123524
老师父,3,7.825375937448096e-05,2.9264175554979963,6.194196129353186
有多少,3,7.825375937448096e-05,2.8116320843075893,56.46852955087962
自在,2,7.825375937448096e-05,2.7477418055719953,12.511476650544562
嘴脸,2,7.825375937448096e-05,2.6363914389377974,425.680956741308
迎着,2,7.825375937448096e-05,2.628871442465256,42.582215307664654
前面,2,7.825375937448096e-05,2.5019122074486297,22.546373222618218
坐下,2,7.825375937448096e-05,2.3114234446919735,20.492404403008447
十四,2,7.825375937448096e-05,2.3113974260092696,30.851917546505778
洞门,2,7.825375937448096e-05,2.285407600563008,27.2804911553799
西去,2,7.825375937448096e-05,2.2515950735848644,11.080058068570025
虽是,2,7.665674387704258e-05,3.024695553858248,25.698036741205865
宝杖,2,7.665674387704258e-05,2.9033232790610133,241.53056894889102
出城,2,7.665674387704258e-05,2.8053739589572353,35.123343955855184
要吃,2,7.665674387704258e-05,2.739452835585665,24.697862689510664
两边,2,7.665674387704258e-05,2.588573162682118,38.65512948463367
城中,2,7.665674387704258e-05,2.484012552588516,48.5345114909119
走上,2,7.665674387704258e-05,2.0159303519522864,7.741101203813879
这些,2,7.505972837960419e-05,2.7436353882736624,8.899407611242989
罗汉,2,7.505972837960419e-05,2.7140975263273064,741.8304093567251
几时,2,7.505972837960419e-05,2.672911591796461,33.752977337370396
我老孙,3,7.505972837960419e-05,2.5968338688975634,7.964465853889557
三千,2,7.505972837960419e-05,2.588825382379823,17.01606442421551
要打,2,7.505972837960419e-05,2.474222705851587,15.025609999545606
金星,2,7.505972837960419e-05,2.3519365335570375,63.92967059702659
长生,2,7.505972837960419e-05,2.3316474337514705,22.821356150117442
不须,2,7.505972837960419e-05,2.30565733829864,11.003311099811562
就把,2,7.505972837960419e-05,2.2418923529297303,9.66952515005395
小儿,2,7.346271288216581e-05,3.113429497826824,10.947500606215401
下界,2,7.346271288216581e-05,2.7184734013300127,55.39316944462073
棍子,2,7.346271288216581e-05,2.6523654249997923,51.353704565430945
不见了,3,7.346271288216581e-05,2.5986051779973063,11.906539150909078
不怕,2,7.346271288216581e-05,2.5899031990806702,9.51894818661069
哪吒,2,7.346271288216581e-05,2.5818858523480075,10687.83970315399
惊动,2,7.346271288216581e-05,2.3851783523520065,168.5019773019773
也曾,2,7.346271288216581e-05,2.1666495656405935,15.910901644687055
端的,2,7.346271288216581e-05,2.043094500327516,38.373197659005015
轻轻,2,7.346271288216581e-05,2.0384596276735407,617.3638545953361
说出,2,7.186569738472742e-05,2.975609180561058,6.551552722245447
那两个,3,7.186569738472742e-05,2.715955709974649,7.624165882447802
主公,2,7.186569738472742e-05,2.5052899909184174,103.34700165046765
南海,2,7.186569738472742e-05,2.371371346995421,189.51815980629542
扑的,2,7.186569738472742e-05,2.253857589601352,50.61061298387792
寡人,2,7.186569738472742e-05,2.1458417525947544,132.95378299950457
山头,2,7.026868188728904e-05,2.8526379562735795,7.726521325663851
天尊,2,7.026868188728904e-05,2.794354822837744,67.73211397104014
大哥,2,7.026868188728904e-05,2.7555497906641784,13.116281505454053
去请,2,7.026868188728904e-05,2.719012829878589,10.650836444663678
边有,2,7.026868188728904e-05,2.5660871461262307,10.614750637238132
一块,2,7.026868188728904e-05,2.550294541897716,43.73021644966676
把唐僧,3,7.026868188728904e-05,2.5232109529528914,17.76005858267067
伏侍,2,7.026868188728904e-05,2.513218062821462,959.043163464216
旨意,2,7.026868188728904e-05,2.3693821196946767,295.9492131693431
藏在,2,7.026868188728904e-05,2.312749107429543,6.124679276421821
化斋,2,7.026868188728904e-05,2.2718685126965616,142.3020887135095
各各,2,7.026868188728904e-05,2.253857589601352,140.38997396165078
救他,2,7.026868188728904e-05,2.2025921146309986,10.178708400095022
天晚,2,7.026868188728904e-05,2.1972245773362196,66.70586981996378
樵子,2,7.026868188728904e-05,2.0112424419724255,151.08408734467366
去寻,2,6.867166638985064e-05,3.0263438948461925,16.473387059275556
遇着,2,6.867166638985064e-05,2.98087773089248,59.228385393752745
穿了,2,6.867166638985064e-05,2.7579642930193433,16.106531331055407
后门,2,6.867166638985064e-05,2.712251893767737,21.612520629049552
观音菩萨,4,6.867166638985064e-05,2.6609652139364144,474.93030885647255
伤了,2,6.867166638985064e-05,2.589674328669298,13.412556339740089
慈悲,2,6.867166638985064e-05,2.557507739075623,2375.196189131969
不成,2,6.867166638985064e-05,2.5164103001539404,7.510908230715327
母亲,2,6.867166638985064e-05,2.373793310355438,387.4244438688883
老龙,2,6.867166638985064e-05,2.1772631623412018,12.196847554490123
变做个,3,6.867166638985064e-05,2.1500602244842355,38.02911798603421
外面,2,6.867166638985064e-05,2.0423670869023924,54.89901926801917
众妖,2,6.867166638985064e-05,2.0253262207700673,12.865215708572439
相貌,2,6.707465089241226e-05,2.775261629309835,354.66893231379214
殿下,2,6.707465089241226e-05,2.707269709784813,25.036562309006058
木叉,2,6.707465089241226e-05,2.6415342108135746,865.6700460829494
日月,2,6.707465089241226e-05,2.532140934034008,67.27718684287272
钵盂,2,6.707465089241226e-05,2.4639899473429043,6571.478260869566
动手,2,6.707465089241226e-05,2.458311329683084,50.66084142394823
天明,2,6.707465089241226e-05,2.3460018761261594,21.04742804002196
一个小,3,6.707465089241226e-05,2.344734828658285,16.337364396561206
有什么,3,6.707465089241226e-05,2.3205102161332376,14.074941316626905
女儿,2,6.707465089241226e-05,2.3038318778658193,22.01848614543774
赌斗,2,6.707465089241226e-05,2.253857589601352,660.9795918367347
公公,2,6.707465089241226e-05,2.2140766695216625,79.82085493328802
在马上,3,6.707465089241226e-05,2.1913759068659284,149.22889583676155
驿丞,2,6.707465089241226e-05,2.1808395270586205,6287.127898637342
八百,2,6.707465089241226e-05,2.1162678561591255,25.754603678241967
内有,2,6.547763539497387e-05,2.931923293010705,16.41908928114607
此山,2,6.547763539497387e-05,2.6261647864672337,7.9681755768595695
又叫,2,6.547763539497387e-05,2.524058077389471,8.720131897962496
来请,2,6.547763539497387e-05,2.5147970818946126,6.171150724037088
杀了,2,6.547763539497387e-05,2.491493721879438,10.507688126624885
六十,2,6.547763539497387e-05,2.4249360045522272,63.47918799297778
皈依,2,6.547763539497387e-05,2.3843822657615696,1389.2255411255412
洞中,2,6.547763539497387e-05,2.3316474337514705,24.52604990637777
星官,2,6.547763539497387e-05,2.3209595402285963,111.53687210545066
在后,2,6.547763539497387e-05,2.2102535776209726,10.852113366676473
银子,2,6.547763539497387e-05,2.2004431362775847,51.620396509430165
没奈何,3,6.547763539497387e-05,2.1972245773362196,506.7084040579482
先锋,2,6.547763539497387e-05,2.1369643563667955,915.8421803652966
清风,2,6.547763539497387e-05,2.1186492470699507,85.73060842850465
名字,2,6.547763539497387e-05,2.0431918705451206,205.43569553805776
全无,2,6.388061989753549e-05,3.014946880179594,89.71338104346206
乾坤,2,6.388061989753549e-05,3.0003565662588274,11131.875555555558
来拜,2,6.388061989753549e-05,2.884718307071179,6.693477934953322
离了,2,6.388061989753549e-05,2.8449586635653694,18.16569866956002
慌忙,2,6.388061989753549e-05,2.791420920085194,278.74287749287754
随后,2,6.388061989753549e-05,2.7519159690311215,95.5427385638866
为何,2,6.388061989753549e-05,2.736339051105066,24.762642959963305
向前,2,6.388061989753549e-05,2.724255827393494,49.50766530412164
国师,2,6.388061989753549e-05,2.700703487997783,11.130520105551591
还要,2,6.388061989753549e-05,2.582306344313967,17.85614121387757
花果山,3,6.388061989753549e-05,2.539628723822156,283.74478883451155
寺里,2,6.388061989753549e-05,2.4829309987040453,34.64396417580137
真经,2,6.388061989753549e-05,2.411458394753265,31.644304290038765
偷了,2,6.388061989753549e-05,2.3818464935886645,19.92034001832434
狂风,2,6.388061989753549e-05,2.3815292100653074,365.18706441547835
有一座,3,6.388061989753549e-05,2.310203242085566,47.11359908506765
连忙,2,6.388061989753549e-05,2.2640492601665603,295.8087679516251
圈子,2,6.388061989753549e-05,2.1743082361151234,159.03588141544594
一只手,3,6.388061989753549e-05,2.1458417525947544,69.37592270981003
也不曾,3,6.22836044000971e-05,2.7878762280875944,26.387702441617716
神仙,2,6.22836044000971e-05,2.7637863604912547,35.64253187613843
这场,2,6.22836044000971e-05,2.685945324669788,33.5664310288662
是老孙,3,6.22836044000971e-05,2.5665989181145106,7.356177332280238
后边,2,6.22836044000971e-05,2.5623923307964698,46.43679262504563
可有,2,6.22836044000971e-05,2.5536815580297962,7.437218141285677
着实,2,6.22836044000971e-05,2.512658529529802,34.435107787065554
必定,2,6.22836044000971e-05,2.3978952727983707,174.71205357142858
朝上,2,6.22836044000971e-05,2.359267505377683,16.214214006852043
十五,2,6.22836044000971e-05,2.325250399541133,33.895777697582105
被我,2,6.22836044000971e-05,2.2459520807289133,6.58537658765472
即忙,2,6.22836044000971e-05,2.245035274126178,102.53153970173317
被那,2,6.22836044000971e-05,2.2051551011994586,6.244426170151398
光明,2,6.22836044000971e-05,2.182995977034132,65.65035122950488
见一个,3,6.22836044000971e-05,2.11216119049701,7.012122773119884
来报,2,6.22836044000971e-05,2.003137713386241,11.895532115749386
人间,2,6.068658890265871e-05,3.043137604749472,12.553256571571769
一张,2,6.068658890265871e-05,2.8785851783073033,15.209336901766044
也没,2,6.068658890265871e-05,2.692599996946504,17.008112926214544
那三个,3,6.068658890265871e-05,2.550247413621868,12.388275634424211
进城,2,6.068658890265871e-05,2.412210201431815,80.82111899133174
望见,2,6.068658890265871e-05,2.393610738481759,19.97542275200368
成精,2,6.068658890265871e-05,2.2459520807289133,53.26047609987576
莫要,2,6.068658890265871e-05,2.1873223188492537,26.015197335764903
那里有,3,6.068658890265871e-05,2.153532456654254,8.60972701809157
众官,2,6.068658890265871e-05,2.0431918705451206,43.773633222830945
怎敢,2,6.068658890265871e-05,2.0317592185692717,26.958198132874102
只为,2,6.068658890265871e-05,2.022808529414704,12.973230671594022
还未,2,5.908957340522032e-05,2.871476118054867,64.1157215995572
三日,2,5.908957340522032e-05,2.811419498301342,6.598195082385534
打破,2,5.908957340522032e-05,2.595130673983014,68.25463265751036
跳下,2,5.908957340522032e-05,2.4808456036717703,25.3329134547045
宝殿,2,5.908957340522032e-05,2.4271596650745035,78.73275698012668
找寻,2,5.908957340522032e-05,2.350327259728866,498.627238292011
计较,2,5.908957340522032e-05,2.3034884952192693,2561.4390270867884
那道士,3,5.908957340522032e-05,2.2718685126965625,19.888382985152525
八戒沙僧,4,5.908957340522032e-05,2.2566661822162866,17.002198640893546
这妖精,3,5.908957340522032e-05,2.2450352741261774,11.019239732816366
一发,2,5.908957340522032e-05,2.098147389135067,8.942101513211169
花园,2,5.908957340522032e-05,2.0923888660093426,303.6941065436242
四大,2,5.908957340522032e-05,2.0534831164199066,7.1447300089431645
那厢,2,5.908957340522032e-05,2.0470323061398075,25.70191031927403
拜谢,2,5.908957340522032e-05,2.0423670869023924,91.37461349151258
几年,2,5.908957340522032e-05,2.022491042601419,52.7617590125481
接了,2,5.7492557907781935e-05,2.8580062396672252,11.600668598906527
君王,2,5.7492557907781935e-05,2.7936567840058286,31.21475573280159
有三个,3,5.7492557907781935e-05,2.6844935939709327,20.818427898961296
千年,2,5.7492557907781935e-05,2.6736813724134816,57.44499517087951
尽皆,2,5.7492557907781935e-05,2.5532370029937144,268.8634336012977
宝剑,2,5.7492557907781935e-05,2.539601838661384,252.41924213920984
可以,2,5.7492557907781935e-05,2.524545921633359,64.66450946643717
前门,2,5.7492557907781935e-05,2.4620383704381,8.951036244432418
众人,2,5.7492557907781935e-05,2.3693821196946767,7.974419085925933
化了,2,5.7492557907781935e-05,2.358468915321849,6.323410538882916
口中,2,5.7492557907781935e-05,2.351673301904631,18.352292932648158
三百,2,5.7492557907781935e-05,2.3447359931861356,15.780443548387096
买卖,2,5.7492557907781935e-05,2.2047854169135204,2081.6370856034723
千万,2,5.7492557907781935e-05,2.1761856615603072,70.99142133706209
即将,2,5.7492557907781935e-05,2.1639556568820564,16.76360115475399
如意,2,5.7492557907781935e-05,2.114178229618425,33.67409899345402
记得,2,5.7492557907781935e-05,2.083766037485647,86.6881816363888
救得,2,5.7492557907781935e-05,2.0669890376417115,12.553670139124796
一双,2,5.7492557907781935e-05,2.0346160141680394,15.686477105321574
是我的,3,5.589554241034355e-05,2.7242558273934945,14.55031924435654
点头,2,5.589554241034355e-05,2.707380504085452,38.70777904159042
是这等,3,5.589554241034355e-05,2.693671550888076,14.492789275435925
了多少,3,5.589554241034355e-05,2.6371354373473226,22.07001699871905
好生,2,5.589554241034355e-05,2.5796246736085746,12.095363823206712
法儿,2,5.589554241034355e-05,2.458311329683084,19.547399760606368
诸天,2,5.589554241034355e-05,2.4012244823354805,73.98714434256546
芭蕉扇,3,5.589554241034355e-05,2.3933121229745242,1299.5659392789375
那妖魔,3,5.589554241034355e-05,2.2718685126965625,18.16459955773483
让我,2,5.589554241034355e-05,2.106577333232116,21.644244728655377
身法,2,5.589554241034355e-05,2.1065773332321154,25.546288622420846
奶奶,2,5.589554241034355e-05,2.0253262207700673,4112.568962281854
了他的,3,5.429852691290516e-05,3.103237237705472,15.851504610326176
一片,2,5.429852691290516e-05,3.0659645119836325,42.35839787986287
三五,2,5.429852691290516e-05,2.9381824546861233,10.629209803169733
三位,2,5.429852691290516e-05,2.7379755558057863,23.733715039954333
我两个,3,5.429852691290516e-05,2.736339051105066,6.075007526091639
上殿,2,5.429852691290516e-05,2.6250481587325396,16.2452400573818
倒也,2,5.429852691290516e-05,2.582306344313967,13.471909202280067
拿着,2,5.429852691290516e-05,2.4582044327855743,10.383979288339058
脱身,2,5.429852691290516e-05,2.447151308277912,49.3846253769427
即便,2,5.429852691290516e-05,2.3978952727983707,37.094097271830755
顶上,2,5.429852691290516e-05,2.3507757705428456,32.1703768624014
渐渐,2,5.429852691290516e-05,2.3025850929940455,2216.754685547689
小神,2,5.429852691290516e-05,2.253857589601352,15.569756965165396
六个,2,5.429852691290516e-05,2.239533100159623,11.173379182070288
明月,2,5.429852691290516e-05,2.2125298452022464,103.92424020541058
国丈,2,5.429852691290516e-05,2.094889682042817,111.96979036278913
声音,2,5.429852691290516e-05,2.074234404607806,73.34956761412576
一拥,2,5.429852691290516e-05,2.0192284468644055,37.12896604284278
了我的,3,5.2701511415466774e-05,3.0288503480576154,14.109431076393632
有两个,3,5.2701511415466774e-05,2.866916338694806,9.917721983760956
与我们,3,5.2701511415466774e-05,2.6633286205860296,15.445856458900959
唐王,2,5.2701511415466774e-05,2.6224982289190795,7.222419354162211
到于,2,5.2701511415466774e-05,2.615630577027551,55.27258136996854
也不知,3,5.2701511415466774e-05,2.4412145291060345,11.483000183385293
坏了,2,5.2701511415466774e-05,2.43720990840016,35.70905395877401
法师,2,5.2701511415466774e-05,2.4042341114242607,14.197006360761971
在里面,3,5.2701511415466774e-05,2.3693821196946767,54.04550970873786
不许,2,5.2701511415466774e-05,2.338371704803573,13.409944240813232
误了,2,5.2701511415466774e-05,2.3180523331061944,40.17268570362075
左手,2,5.2701511415466774e-05,2.284242744155885,74.30256742179073
他三人,3,5.2701511415466774e-05,2.253857589601352,38.24499994447468
的小妖,3,5.2701511415466774e-05,2.1458417525947544,11.944880305773488
去看看,3,5.2701511415466774e-05,2.1458417525947544,45.663474160143906
做什么,3,5.2701511415466774e-05,2.0560381446718465,48.24684324566646
山前,2,5.2701511415466774e-05,2.0075210235668903,7.018297087974176
认得我,3,5.2701511415466774e-05,2.0070115572223624,15.792685098496282
心猿,2,5.110449591802839e-05,2.8133554045006157,175.15188811188813
火光,2,5.110449591802839e-05,2.7878762280875944,41.84994287695466
当面,2,5.110449591802839e-05,2.76162571219778,32.160141240670896
黄金,2,5.110449591802839e-05,2.7063803648876195,52.101970981330275
处处,2,5.110449591802839e-05,2.685945324669788,17.866888516167457
万里,2,5.110449591802839e-05,2.659322697709517,13.513603047298409
立在,2,5.110449591802839e-05,2.623521756271809,27.15868086946268
人都,2,5.110449591802839e-05,2.5895468167181193,6.417484490649551
供养,2,5.110449591802839e-05,2.5885731626821173,1037.2923331780296
相持,2,5.110449591802839e-05,2.5232109529528914,165.2226427540713
过山,2,5.110449591802839e-05,2.473207589419676,13.385503551898331
牛魔王,3,5.110449591802839e-05,2.3348818927474655,235.8448210922787
必有,2,5.110449591802839e-05,2.2110688711446103,16.429357629664615
不容,2,5.110449591802839e-05,2.2107988016603293,12.611514486258951
二三,2,5.110449591802839e-05,2.1175899590635634,6.136014424584509
狮子,2,5.110449591802839e-05,2.112101522051047,55.359054904918594
分明,2,5.110449591802839e-05,2.0688846458275627,50.076914618176005
太宗,2,5.110449591802839e-05,2.0253262207700673,759.2503504982759
一直,2,5.110449591802839e-05,2.022808529414704,9.530429786398145
